time,open,high,low,close,HTF MA,HTF MA
1776128400,4769.94,4777.385,4761.79,4765.065,4741.721799999994,4738.860996576752
1776132000,4765.07,4777.305,4762.15,4775.225,4741.939999999993,4740.2870359266835
1776135600,4775.22,4775.675,4765.65,4768.25,4742.027599999994,4741.383622753088
1776139200,4768.215,4777.085,4767.095,4774.24,4742.2481999999945,4742.67210813532
1776142800,4774.24,4774.32,4757.855,4759.985,4742.155799999994,4743.351045071189
1776146400,4760.015,4782.965,4760.015,4782.09,4742.7377999999935,4744.87021977428
1776150000,4782.095,4796.63,4767.855,4777.16,4742.948999999994,4746.1364856654845
1776153600,4777.155,4790,4774.14,4786.97,4743.517999999994,4747.737799953113
1776157200,4787.08,4789.405,4771.735,4778.235,4743.763799999993,4748.933768582402
1776160800,4778.245,4788.31,4751.22,4768.58,4744.213999999994,4749.704209030151
1776164400,4768.52,4783.165,4767.03,4774.94,4744.719999999994,4750.693847891714
1776168000,4774.905,4777.715,4762.36,4771.48,4745.330099999994,4751.5089911116465
1776171600,4771.475,4803.79,4771.185,4794.805,4746.194799999994,4753.20687381315
1776175200,4794.825,4818.33,4793.065,4803.81,4747.125699999993,4755.191310134203
1776178800,4803.8,4816.265,4791.115,4808.41,4747.926999999993,4757.27831757992
1776182400,4808.44,4820.34,4805.255,4810.075,4748.690099999993,4759.348775714041
1776186000,4810.12,4841.705,4809.54,4835.235,4749.8919999999935,4762.324706078196
1776189600,4835.215,4843.64,4830.895,4835.73,4751.110299999993,4765.203345055522
1776193200,4835.75,4846.345,4835.75,4844.99,4752.763299999994,4768.332233484717
1776196800,4845,4846.37,4839.7,4841.76,4754.321699999993,4771.211753740218
1776204000,4849.155,4850.88,4833.195,4835.26,4755.820599999994,4773.723449671975
1776207600,4835.14,4844.315,4833.68,4837.285,4757.2575999999935,4776.21605948876
1776211200,4837.315,4840.18,4827.285,4835.56,4758.770899999993,4778.543272842142
1776214800,4835.52,4871.38,4828.335,4847.19,4760.720999999993,4781.235301358136
1776218400,4847.175,4853.445,4820.715,4824.005,4764.020399999993,4782.912544442131
1776222000,4824.02,4829.725,4816.915,4823.925,4767.069099999993,4784.520876032635
1776225600,4823.955,4827.92,4820.3,4825.075,4769.657899999994,4786.111233835277
1776229200,4825.125,4830.53,4812.735,4819.97,4771.632199999994,4787.439028586835
1776232800,4819.975,4825.04,4811.31,4811.625,4773.453199999994,4788.387498054018
1776236400,4811.565,4816.935,4804.05,4811.27,4775.315199999994,4789.284851071508
1776240000,4811.15,4821.875,4804.595,4818.63,4777.224599999993,4790.435641225566
1776243600,4818.56,4819.565,4786.08,4798.255,4778.600099999993,4790.742282746131
1776247200,4798.25,4805.275,4790.095,4800.16,4780.090199999994,4791.111604991381
1776250800,4800.175,4815.305,4795.57,4812.635,4781.6644999999935,4791.955659697601
1776254400,4812.65,4816.37,4807.025,4811.76,4783.4270999999935,4792.732300493773
1776258000,4811.69,4830.31,4808.57,4828.915,4785.707299999994,4794.151229886174
1776261600,4828.93,4830.615,4813.505,4815.525,4787.574599999994,4794.989416949462
1776265200,4815.535,4816.155,4787.145,4801.745,4789.466799999994,4795.254341774973
1776268800,4801.74,4812.84,4800.17,4803.985,4791.076899999993,4795.596720528895
1776272400,4803.975,4808.96,4790.82,4792.64,4792.3137999999935,4795.480770704233
1776276000,4792.63,4802.675,4790.24,4799.745,4793.921199999993,4795.647995382498
1776279600,4799.715,4803.575,4794.685,4796.045,4795.553099999994,4795.663564191028
1776283200,4796.095,4796.795,4787.895,4790.94,4796.707599999993,4795.478326379615
1776290400,4798.465,4812.1,4790.87,4807.665,4798.258699999994,4795.956235149042
1776294000,4807.675,4826.795,4807.615,4823.455,4799.958799999994,4797.0346180843735
1776297600,4823.385,4837.81,4820.345,4833.145,4801.796099999994,4798.450711492829
1776301200,4833.205,4836.465,4811.33,4818.1,4803.351299999994,4799.221271826444
1776304800,4818.165,4825.1,4812.465,4819.805,4804.584599999995,4800.028476852857
1776308400,4819.785,4827.205,4819.115,4824.27,4805.911999999994,4800.9791248194115
1776312000,4824.255,4833.79,4822.885,4833.185,4807.176099999993,4802.242100316689
1776315600,4833.21,4838.56,4821.215,4821.325,4808.301299999994,4802.990449323878
1776319200,4821.31,4830.69,4814.46,4826.125,4809.319299999994,4803.897686605294
1776322800,4826.14,4831.025,4817.12,4821.2,4810.378299999994,4804.5762086992045
1776326400,4821.29,4822.07,4806.59,4813.85,4811.170499999994,4804.9398867894315
1776330000,4813.815,4818.11,4807.04,4812.82,4812.227199999994,4805.2489108369045
1776333600,4812.825,4817.62,4805.165,4817.49,4812.9351999999935,4805.728953549183
1776337200,4817.475,4822.56,4815.535,4822.175,4813.835499999994,4806.373896547254
1776340800,4822.28,4823.14,4811.59,4816.265,4814.421399999995,4806.761782957165
1776344400,4816.285,4824.04,4784.73,4795.065,4814.757999999994,4806.303085586296
1776348000,4795.08,4805.62,4772.575,4788.86,4815.163599999994,4805.619043014284
1776351600,4788.815,4813.045,4788.43,4807.09,4815.806599999994,4805.676727601959
1776355200,4807.16,4810.225,4785.245,4792.095,4816.218899999994,4805.144110833255
1776358800,4792.105,4795.455,4781.45,4789.395,4816.110699999994,4804.526498643715
1776362400,4789.405,4794.45,4785.865,4789.745,4815.829399999994,4803.946832030236
1776366000,4789.795,4798.67,4789.63,4793.52,4815.531599999994,4803.537936656501
1776369600,4793.565,4793.985,4786.45,4790.66,4815.143299999993,4803.032919532717
1776376800,4793.945,4797.995,4790.925,4795.4,4814.3465999999935,4802.733589354963
1776380400,4795.185,4797.935,4791.77,4791.77,4813.467399999994,4802.303644674376
1776384000,4791.725,4801.3,4785.965,4794.845,4812.464499999994,4802.011148804793
1776387600,4794.88,4795.675,4767.845,4789.635,4811.421999999994,4801.525809635978
1776391200,4789.575,4794.84,4784.64,4784.695,4810.410699999994,4800.865777885547
1776394800,4784.685,4798.405,4784.68,4793.255,4809.530099999993,4800.567316007682
1776398400,4793.195,4804.48,4792.71,4802.995,4808.878799999993,4800.662519301499
1776402000,4802.99,4806.2,4793.78,4794.305,4807.821099999993,4800.413204819087
1776405600,4794.345,4795.375,4779.455,4785.075,4807.042499999993,4799.811706590887
1776409200,4785.195,4794.925,4778.81,4784.57,4806.255399999993,4799.213992606931
1776412800,4784.585,4797.085,4781.035,4796.11,4805.676099999993,4799.09226740666
1776416400,4796.115,4800.995,4790.125,4790.44,4805.085499999993,4798.752962802477
1776420000,4790.445,4794.085,4782.255,4787.49,4804.602799999992,4798.311277986693
1776423600,4787.595,4811.82,4783.67,4799.125,4804.359899999993,4798.343188653882
1776427200,4799.25,4848.005,4797.68,4846.52,4804.917699999993,4800.232475373337
1776430800,4846.53,4891.54,4834.915,4880.4,4806.560599999993,4803.376299868501
1776434400,4880.33,4885.53,4860.85,4873.15,4808.020399999993,4806.11252340307
1776438000,4873.135,4880.705,4855.065,4867.445,4809.116599999993,4808.517718563734
1776441600,4867.44,4873.535,4863.745,4867.18,4810.224999999993,4810.818200188685
1776445200,4867.15,4869.665,4853.79,4862.59,4810.898499999993,4812.848466847952
1776448800,4862.585,4868.11,4855.785,4858.11,4811.750199999993,4814.6234289323465
1776452400,4858.095,4861.305,4852.96,4854.695,4812.809199999992,4816.194863091862
1776456000,4854.645,4855.245,4830.79,4831.61,4813.361699999993,4816.799378264731
1776636000,4774.815,4794.97,4771.055,4779.365,4813.096199999993,4815.33136343082
1776639600,4779.36,4779.465,4736.83,4755.365,4812.208599999994,4812.979741335494
1776643200,4755.285,4774.685,4744.515,4772.815,4811.743999999993,4811.404653439984
1776646800,4772.8,4814.46,4771.44,4807.795,4812.081099999993,4811.263098403122
1776650400,4807.805,4809.18,4793.26,4797.395,4811.875699999993,4810.719251406921
1776654000,4797.37,4798.415,4788.875,4791.02,4811.2269999999935,4809.946731743905
1776657600,4791.04,4795.94,4787.245,4789.035,4810.3447999999935,4809.12666383238
1776661200,4789.06,4796.36,4779.54,4791.085,4809.804499999993,4808.4191476036585
1776664800,4791.06,4795.62,4784.025,4795.595,4809.320299999993,4807.916239854496
1776668400,4795.6,4805.795,4786.905,4789.64,4808.627699999994,4807.199524566085
1776672000,4789.55,4796.51,4786.16,4796.395,4807.891899999993,4806.775817720356
1776675600,4796.355,4798.075,4783.72,4791.885,4807.303099999993,4806.191864084263
1776679200,4791.865,4801.045,4789.93,4796.01,4806.700799999993,4805.792575296645
1776682800,4796.02,4810.9,4786.8,4810.53,4806.487399999993,4805.978356657561
1776686400,4810.525,4822.175,4799.125,4803.505,4806.280499999993,4805.881362278833
1776690000,4803.495,4826.355,4799.695,4818.105,4806.386199999993,4806.36072062084
1776693600,4818.12,4827.695,4792.615,4805.385,4806.144099999993,4806.322457067082
1776697200,4805.4,4809.63,4792.785,4799.955,4805.699699999993,4806.072752868373
1776700800,4799.96,4806.38,4792.865,4805.55,4805.485399999993,4806.052252755888
1776704400,4805.645,4812.27,4803.9,4806.89,4805.721899999992,4806.085105588991
1776708000,4806.84,4816.515,4806.84,4814.105,4806.226799999993,4806.399611252167
1776711600,4814.065,4821.425,4810.615,4814.38,4806.372599999992,4806.7125676736505
1776715200,4814.43,4821.98,4812.3,4820.115,4806.932999999993,4807.238153255076
1776722400,4825.135,4833.405,4823.365,4827.82,4807.701499999993,4808.045284499975
1776726000,4827.79,4831.935,4819.855,4822.03,4808.347199999992,4808.593704715663
1776729600,4822.07,4830.895,4817,4823.895,4808.954699999992,4809.193755511127
1776733200,4823.9,4824.54,4805.795,4810.27,4809.346899999992,4809.235961177357
1776736800,4810.295,4810.555,4802.695,4806.95,4809.577899999992,4809.14631564099
1776740400,4807.055,4807.86,4792.77,4797.45,4809.691499999993,4808.687636596245
1776744000,4797.48,4797.815,4788.87,4789.49,4809.5843999999925,4807.934788102275
1776747600,4789.415,4797.145,4783.28,4784.18,4809.475299999992,4807.0032277845385
1776751200,4784.15,4790.86,4774.8,4778.42,4809.349799999993,4805.882316891028
1776754800,4778.4,4792.83,4772.885,4786.255,4809.209799999992,4805.112618189419
1776758400,4786.23,4793.22,4774.685,4786.09,4808.871699999992,4804.366633162383
1776762000,4786.11,4789.79,4781.29,4783.87,4808.662999999992,4803.562843626603
1776765600,4783.885,4790.67,4780.965,4789.945,4808.760399999992,4803.028810543207
1776769200,4789.95,4798.03,4775.49,4794.62,4808.961399999993,4802.699053267003
1776772800,4794.615,4796.995,4766.545,4778.98,4808.618799999993,4801.768894315356
1776776400,4778.97,4794.52,4760.35,4779.47,4808.399399999992,4800.894427871617
1776780000,4779.35,4782.74,4723.77,4739.02,4807.429999999992,4798.467979719789
1776783600,4739.04,4757.83,4727.845,4741.78,4806.283099999992,4796.244921691562
1776787200,4741.79,4747.06,4708.375,4711.27,4803.578099999992,4792.9125718213045
1776790800,4711.29,4722.28,4697.16,4711.28,4800.195699999992,4789.711294494979
1776794400,4711.185,4714.97,4692.46,4709.555,4796.923799999992,4786.567910397136
1776798000,4709.59,4715.06,4668.62,4679.48,4793.164499999992,4782.368384499209
1776801600,4679.47,4721.25,4669.175,4720.685,4790.2345999999925,4779.949428244338
1776808800,4726.085,4726.52,4715.78,4719.63,4787.375399999992,4777.58396047005
1776812400,4719.565,4740.66,4718.145,4738.14,4784.9759999999915,4776.037138490833
1776816000,4738.375,4747.455,4738.375,4740.02,4782.682499999992,4774.624701687271
1776819600,4739.96,4754.745,4735.875,4752.27,4781.095699999992,4773.748046719143
1776823200,4752.36,4759.025,4750.155,4755.845,4780.625299999992,4773.0459664556465
1776826800,4755.84,4765.035,4753.17,4758.26,4780.683199999992,4772.466124633856
1776830400,4758.275,4759.76,4752.325,4754.665,4780.320199999992,4771.768041314882
1776834000,4754.715,4772,4752.32,4767.83,4779.520899999992,4771.613608322142
1776837600,4767.74,4768.015,4758.775,4767.905,4778.931099999992,4771.468172701666
1776841200,4767.9,4772.385,4759.69,4760.68,4778.324299999992,4771.045107105522
1776844800,4760.705,4762.455,4751.98,4757.19,4777.6873999999925,4770.5017695719725
1776848400,4757.085,4762.595,4752.57,4755.335,4776.972399999992,4769.90699429464
1776852000,4755.41,4760.415,4745.89,4759.435,4776.249199999992,4769.4963278517125
1776855600,4759.465,4760.985,4747.88,4750.515,4775.466699999993,4768.751962053606
1776859200,4750.52,4760.305,4742.98,4744.54,4774.429599999992,4767.802473345621
1776862800,4744.555,4760.99,4736.595,4752.99,4773.651699999992,4767.22159203795
1776866400,4752.88,4757.53,4729.99,4736.11,4772.453699999992,4766.00152960509
1776870000,4736.14,4740.395,4725.02,4727.68,4770.796699999992,4764.4987245225375
1776873600,4727.81,4735.045,4723.995,4728.62,4769.298999999992,4763.091715717732
1776877200,4728.615,4739.64,4728.56,4737.36,4767.684099999991,4762.082628826841
1776880800,4737.31,4750.2,4729.985,4741.81,4766.4125999999915,4761.287623774808
1776884400,4741.8,4745.595,4737.075,4740.39,4765.221299999991,4760.468109116972
1776888000,4740.375,4740.965,4734.59,4740.455,4763.919399999992,4759.683281308464
1776895200,4741.96,4742.305,4725.82,4726.07,4762.302999999991,4758.365113414015
1776898800,4726.12,4730.005,4723.645,4727.88,4760.578499999991,4757.169618770327
1776902400,4727.89,4754.2,4694.135,4747.765,4759.246199999991,4756.800810191099
1776906000,4747.755,4750.06,4722.35,4723.555,4757.314999999991,4755.497052928703
1776909600,4723.54,4724.81,4698.405,4699.095,4754.740499999991,4753.285207715812
1776913200,4699.025,4708.74,4698.26,4704.1,4752.381899999991,4751.356376040682
1776916800,4704.03,4707.255,4698.935,4704.49,4749.993799999991,4749.518478941048
1776920400,4704.55,4715.36,4692.485,4713.625,4748.060899999991,4748.1108915315945
1776924000,4713.655,4721.57,4708.6,4713.115,4746.1841999999915,4746.738503628395
1776927600,4713.095,4720.59,4703.2,4719.275,4744.620699999991,4745.661503486105
1776931200,4719.28,4725.115,4701.78,4703.45,4742.899899999991,4744.006150408219
1776934800,4703.385,4703.79,4694.765,4697.825,4741.172799999991,4742.195124902014
1776938400,4697.83,4701.805,4684.265,4696.82,4739.540799999992,4740.41570823919
1776942000,4696.84,4721.065,4695.575,4720.925,4738.234199999991,4739.651366739614
1776945600,4720.935,4743.2,4719.905,4740.125,4737.314899999992,4739.669940592962
1776949200,4740.115,4741.23,4723.95,4724.435,4736.1261999999915,4739.072491942257
1776952800,4724.44,4736.69,4717.185,4733.705,4735.001399999992,4738.862002062168
1776956400,4733.755,4741.205,4716.545,4720.65,4733.521999999992,4738.147805902868
1776960000,4720.685,4737.275,4715.76,4733.055,4732.603499999992,4737.948088024324
1776963600,4733.095,4734.61,4664.38,4709.665,4731.207399999991,4736.8389473174875
1776967200,4709.69,4722.24,4699.43,4701.045,4730.447899999991,4735.435263108959
1776970800,4701.06,4704.66,4689.56,4696.08,4729.533899999991,4733.891919457627
1776974400,4696.125,4698.365,4686.715,4694.09,4729.190299999991,4732.331059871054
1776981600,4695.935,4699.445,4690.21,4693.5,4728.834699999991,4730.808273209444
1776985200,4693.495,4700.84,4686.65,4695.445,4728.552499999992,4729.421478181623
1776988800,4695.485,4708.175,4690.965,4704.69,4729.056699999991,4728.451616292147
1776992400,4704.68,4711.23,4690.29,4699.4,4728.630999999991,4727.312337221867
1776996000,4699.415,4700.57,4673.05,4676.955,4727.777499999992,4725.337539683755
1776999600,4676.96,4678.435,4668.68,4672.38,4726.462299999992,4723.260773421646
1777003200,4672.37,4676.98,4658.03,4674.485,4725.151599999992,4721.347997993346
1777006800,4674.55,4687.245,4669.755,4686.555,4723.837299999992,4719.9835666994895
1777010400,4686.56,4688.255,4667.055,4671.975,4722.159899999992,4718.100877809314
1777014000,4671.895,4695.45,4671.085,4694.49,4720.884499999992,4717.174961032478
1777017600,4694.51,4697.55,4685.25,4690.915,4719.609499999992,4716.145158639048
1777021200,4690.925,4696.76,4679.35,4682.33,4717.899499999992,4714.819073986536
1777024800,4682.28,4686.33,4674.88,4677.935,4716.1000999999915,4713.372639712554
1777028400,4677.93,4717.44,4677.88,4706.87,4715.023899999991,4713.11763423363
1777032000,4706.855,4712.025,4690.36,4700.64,4713.892899999992,4712.6283152440765
1777035600,4700.71,4717.485,4689.665,4711.835,4713.022899999992,4712.597204842348
1777039200,4711.585,4740.57,4706.92,4726.435,4712.362899999992,4713.139863475982
1777042800,4726.485,4733.425,4715.125,4727.12,4711.894999999991,4713.688104123982
1777046400,4727.04,4729.76,4719.255,4726.98,4711.543799999991,4714.20935494265
1777050000,4726.99,4730.16,4719.17,4723.35,4710.950999999992,4714.567811611566
1777053600,4723.375,4724.975,4717.015,4722.91,4710.686999999992,4714.894956254249
1777057200,4722.94,4726.17,4713.785,4716.395,4710.461299999992,4714.953781499181
1777060800,4716.405,4717.595,4705.465,4709.75,4710.083899999991,4714.7497116364675
1777240800,4696.875,4697.365,4680.28,4684.6,4709.028699999992,4713.567370003665
1777244400,4684.54,4685.02,4675.21,4680.235,4707.797199999991,4712.2602182388155
1777248000,4680.22,4698.535,4672.405,4697.94,4706.948199999992,4711.69864105298
1777251600,4697.9,4710.08,4691.07,4702.77,4706.194499999991,4711.348498266589
1777255200,4702.815,4723.54,4696.38,4718.29,4706.038899999992,4711.62071402084
1777258800,4718.26,4729.63,4714.535,4724.23,4705.965899999992,4712.115195823944
1777262400,4724.17,4729.965,4722.615,4725,4705.510599999992,4712.620482262221
1777266000,4725.01,4725.59,4708.985,4710.325,4705.245999999992,4712.530463349977
1777269600,4710.315,4715.895,4709.44,4712.78,4705.519699999993,4712.540249100958
1777273200,4712.785,4718.46,4710.16,4713.5,4705.707699999992,4712.577886391116
1777276800,4713.42,4714.94,4705.595,4706.795,4705.753799999992,4712.351106532641
1777280400,4706.79,4708.365,4699.3,4703.77,4705.556699999992,4712.014592550969
1777284000,4703.78,4711.075,4699.675,4708.76,4705.469599999991,4711.886961470538
1777287600,4708.795,4709.145,4700.345,4705.12,4705.186499999992,4711.621590432478
1777291200,4705.135,4712.655,4697.12,4699.43,4705.106099999992,4711.143488846891
1777294800,4699.405,4703.68,4689.125,4696.225,4705.074099999992,4710.558450068582
1777298400,4696.24,4696.84,4676.715,4678.24,4704.702499999992,4709.291059869814
1777302000,4678.255,4682.755,4667.335,4670.235,4703.6886999999915,4707.759449678841
1777305600,4670.24,4679.715,4667.425,4676.895,4702.424099999992,4706.5490791032
1777309200,4676.915,4686.305,4668.44,4682.24,4701.580199999992,4705.595781883467
1777312800,4682.245,4685.585,4679.06,4680.735,4700.520799999992,4704.620849260586
1777316400,4680.715,4682.765,4676.74,4680.915,4699.726099999992,4703.691208113111
1777320000,4680.91,4681.955,4677.55,4681.955,4698.704099999992,4702.83880779495
1777327200,4682.585,4691.32,4682.385,4687.87,4698.268199999992,4702.25179572456
1777330800,4687.835,4694.945,4687.195,4692.06,4698.088499999993,4701.852117460851
1777334400,4692.195,4701.64,4690.64,4690.835,4697.983599999992,4701.4200736388575
1777338000,4690.82,4691.75,4669.475,4670.76,4697.516999999992,4700.217717809883
1777341600,4670.85,4680.015,4666.6,4669.17,4697.0303999999915,4699.000160248711
1777345200,4669.265,4676.255,4668.59,4671.155,4696.544599999991,4697.908193180134
1777348800,4671.07,4671.41,4666.755,4667.73,4695.805399999991,4696.72473462405
1777352400,4667.84,4668.08,4624.08,4632.39,4694.465199999991,4694.201803854479
1777356000,4632.34,4643.13,4623.545,4629.06,4693.507299999991,4691.647223311166
1777359600,4629.035,4639.5,4620.655,4633.015,4692.71999999999,4689.347920436218
1777363200,4633.025,4635.585,4614.75,4629.77,4691.82569999999,4687.011531399504
1777366800,4629.73,4630.12,4604.675,4604.755,4690.189699999991,4683.785785070111
1777370400,4604.68,4616.78,4603.365,4603.41,4688.818399999991,4680.633793498734
1777374000,4603.405,4608.95,4555.635,4562.795,4686.184499999991,4676.012664341921
1777377600,4562.895,4600.3,4555.135,4593.935,4684.244899999991,4672.793932406944
1777381200,4593.905,4594.85,4570.86,4580.71,4682.2124999999905,4669.18279780275
1777384800,4580.645,4580.88,4557.36,4574.645,4680.14669999999,4665.4754331830345
1777388400,4574.655,4586.73,4566.995,4586.625,4677.741799999991,4662.38325933272
1777392000,4586.63,4594.93,4577.915,4592.24,4675.573799999991,4659.632543280456
1777395600,4592.255,4601.51,4587.28,4594.945,4673.235999999991,4657.0957768773005
1777399200,4594.965,4600.655,4592.225,4594.415,4670.5955999999915,4654.637707195838
1777402800,4594.43,4600.18,4593.415,4595.695,4667.967099999991,4652.326228482276
1777406400,4595.565,4598.65,4591.275,4596.8,4665.363499999991,4650.148729326108
1777413600,4598.745,4598.745,4592.38,4594.17,4662.779899999991,4647.95348503881
1777417200,4594.175,4596.27,4588.095,4595.75,4660.236699999991,4645.906289547092
1777420800,4595.755,4610.535,4594.995,4600.52,4657.919199999992,4644.126435055049
1777424400,4600.53,4600.765,4575.72,4585.015,4655.424499999992,4641.8083395626945
1777428000,4585.04,4604.32,4585.02,4593.71,4653.606699999992,4639.922130168079
1777431600,4593.715,4603.415,4592.395,4595.71,4651.9161999999915,4638.18832114188
1777435200,4595.725,4605.835,4595.48,4604.825,4650.053899999992,4636.879955606904
1777438800,4604.81,4607.725,4590.775,4591.15,4647.821499999992,4635.086624014477
1777442400,4591.105,4598.87,4580.925,4584.665,4645.148999999992,4633.1093054256735
1777446000,4584.69,4589.005,4567.37,4567.93,4642.022999999992,4630.55325423251
1777449600,4567.96,4576.995,4557.385,4573.43,4638.991599999992,4628.313126615549
1777453200,4573.415,4580.75,4551.675,4555.78,4635.900699999993,4625.468690277684
1777456800,4555.775,4576.535,4555.06,4569.95,4633.044099999993,4623.291486737383
1777460400,4569.945,4572.2,4559.25,4561.695,4630.0079999999925,4620.875938237878
1777464000,4561.675,4569.155,4541.705,4544.945,4626.7709999999925,4617.898254385412
1777467600,4544.91,4553.65,4510.095,4521.73,4623.130199999993,4614.126950291866
1777471200,4521.665,4542.815,4517.945,4539.455,4619.744099999993,4611.198638515714
1777474800,4539.385,4558.995,4536.3,4547.77,4616.597099999993,4608.711240926863
1777478400,4547.765,4564.985,4543.32,4545.565,4613.519799999993,4606.234917753261
1777482000,4545.6,4554.625,4541.79,4547.83,4610.551899999992,4603.94452882176
1777485600,4547.84,4553.05,4518.335,4538.24,4607.751899999992,4601.367880632672
1777489200,4538.255,4550.855,4533.34,4546.93,4605.285799999992,4599.233061784332
1777492800,4546.94,4553.855,4541.55,4543.715,4602.6221999999925,4597.055882890829
1777500000,4540.13,4552.805,4539.685,4552.2,4600.021399999992,4595.296828659816
1777503600,4552.185,4561.945,4549.525,4561.685,4597.640399999992,4593.97871773198
1777507200,4561.725,4574.245,4556.485,4569.99,4595.421899999992,4593.037983703275
1777510800,4569.92,4582.585,4564.76,4579.085,4593.364499999992,4592.490807871774
1777514400,4579.08,4582.035,4559.94,4565.085,4590.908799999993,4591.416070308175
1777518000,4564.8,4569.24,4555.79,4556.07,4588.188999999993,4590.029949903933
1777521600,4556.08,4557.09,4540.925,4542.05,4585.213299999992,4588.148383241034
1777525200,4542.06,4569.87,4541.965,4562.69,4583.051899999992,4587.150015270798
1777528800,4562.74,4591.59,4560.1,4589.66,4581.461699999993,4587.248446044492
1777532400,4589.7,4605.645,4584.885,4598.44,4580.007399999992,4587.687330513336
1777536000,4598.48,4629.76,4597.46,4616.36,4578.979999999992,4588.811748924578
1777539600,4616.35,4631.93,4614.29,4625.23,4578.836799999993,4590.239915633418
1777543200,4625.195,4647.045,4623.705,4639.755,4579.0506999999925,4592.181683647794
1777546800,4639.78,4645.96,4627.08,4630.26,4578.995599999993,4593.674950955723
1777550400,4630.345,4640.14,4624.75,4639.61,4579.192399999993,4595.476325428048
1777554000,4639.66,4645.905,4610.82,4611.185,4579.320999999994,4596.09235188185
1777557600,4611.24,4625.985,4609.5,4619.62,4579.645199999994,4597.015004749228
1777561200,4619.615,4625.57,4611.33,4615.3,4580.695299999993,4597.732063386513
1777564800,4615.295,4617.885,4605.48,4607.745,4580.971499999993,4598.124727567434
1777568400,4607.71,4621.765,4607.7,4616.895,4581.695199999993,4598.860816682437
1777572000,4616.91,4625.36,4616.73,4622.635,4582.654999999993,4599.793137596851
1777575600,4622.645,4627.415,4614.655,4617.17,4583.265899999994,4600.474583181288
1777579200,4617.18,4622.07,4615.435,4622.065,4583.8623999999945,4601.321266193787
1777586400,4629.515,4632.99,4626.555,4630.265,4584.568799999994,4602.456314578344
1777590000,4630.26,4634.145,4626.585,4626.685,4585.214199999993,4603.406459104684
1777593600,4626.655,4631.365,4618.635,4619.93,4585.698899999994,4604.0544411005785
1777597200,4619.915,4622.435,4614.15,4621.02,4586.183299999993,4604.71975713585
1777600800,4620.905,4635.94,4616.655,4619.215,4586.684199999994,4605.288198032484
1777604400,4619.155,4632.11,4617.875,4626.735,4587.3038999999935,4606.129249090033
1777608000,4626.74,4628.865,4609.2,4609.265,4587.478799999994,4606.252219713953
1777611600,4609.255,4616.2,4602.985,4605.18,4587.882099999993,4606.210171882033
1777615200,4605.235,4608.095,4590.86,4594.925,4587.9063999999935,4605.767616121953
1777618800,4594.885,4598.165,4575.875,4578.25,4587.557199999995,4604.688493921092
1777622400,4578.245,4582.52,4565.16,4569.225,4586.845199999994,4603.297768669285
1777626000,4569.2,4573.13,4560.32,4563.035,4586.282899999994,4601.718836564607
1777629600,4563.04,4576.105,4561.595,4567.055,4585.930699999994,4600.359470424819
1777633200,4567.01,4579.665,4562.515,4578.865,4586.149399999994,4599.516550016003
1777636800,4578.81,4607.875,4575.11,4591.435,4586.509499999995,4599.199626485964
1777640400,4591.43,4628.905,4586.695,4625.77,4587.909299999994,4600.241601917886
1777644000,4625.67,4660.585,4625.16,4632.31,4589.156499999994,4601.4991861564
1777647600,4632.325,4648.195,4619.1,4643.25,4590.787599999993,4603.136472973796
1777651200,4643.2,4650.035,4633.99,4638.81,4592.664899999994,4604.535434817961
1777654800,4638.815,4642.785,4626.785,4629.49,4594.8200999999935,4605.514045217256
1777658400,4629.495,4630.725,4613.855,4624.385,4596.518699999994,4606.254082659717
1777662000,4624.46,4627.69,4609.015,4610.92,4597.781699999994,4606.437059810316
1777665600,4610.905,4617.805,4607.22,4613.835,4599.147099999994,4606.727175111872
1777845600,4625.35,4629.465,4612.66,4619,4600.570499999994,4607.208462362387
1777849200,4618.985,4621,4611.405,4613.965,4602.084999999995,4607.473424622685
1777852800,4613.96,4616.685,4601.825,4613.17,4603.409799999994,4607.696819735521
1777856400,4613.125,4614.165,4592.965,4613.255,4604.800599999993,4607.91478758903
1777860000,4613.26,4618.825,4591.11,4606.065,4605.877899999993,4607.842246899264
1777863600,4606.04,4617.34,4598.63,4615.315,4606.950499999994,4608.135296040469
1777867200,4615.28,4615.7,4605.36,4606.205,4607.674799999993,4608.059598156529
1777870800,4606.19,4613.16,4592.365,4598.92,4608.071499999994,4607.701182542548
1777874400,4598.915,4600.76,4583.95,4588.97,4608.549199999993,4606.9666263644085
1777878000,4588.95,4593.565,4578.215,4579.255,4609.012899999993,4605.879895918745
1777881600,4579.245,4581.625,4573.85,4577.27,4609.717299999993,4604.75793921605
1777885200,4577.245,4584.825,4572.095,4575.64,4609.976299999994,4603.616059246793
1777888800,4575.645,4576.03,4526.09,4562.575,4609.434599999994,4602.006605942997
1777892400,4562.545,4570.91,4551.515,4560.515,4608.676099999993,4600.379484141311
1777896000,4560.395,4579.44,4559.295,4568.49,4607.718699999994,4599.128916135769
1777899600,4568.525,4575.945,4555.205,4564.14,4606.496899999994,4597.756801777504
1777903200,4564.16,4583.38,4553.44,4561.625,4604.9342999999935,4596.3398683744645
1777906800,4561.74,4566.2,4513.635,4521.83,4602.765699999993,4593.4179127519365
1777910400,4521.775,4527.045,4501.035,4510.695,4600.187399999993,4590.173876957743
1777914000,4510.74,4531.715,4510.74,4522.48,4598.413299999994,4587.519215116263
1777917600,4522.525,4525.4,4509.96,4516.4,4596.348899999994,4584.730226288174
1777921200,4516.345,4527.265,4511.425,4517.89,4594.400699999994,4582.10904094354
1777924800,4517.84,4524.175,4512.005,4524.115,4592.728099999993,4579.834764828107
1777932000,4520.775,4522.92,4515.59,4517.395,4590.738099999993,4577.386146599553
1777935600,4517.39,4521.59,4516.125,4519.155,4588.668499999993,4575.102572223101
1777939200,4519.2,4530.475,4513.655,4529.755,4586.920199999993,4573.324236057489
1777942800,4529.63,4542.13,4525.47,4541.04,4585.299699999993,4572.058187584646
1777946400,4541.145,4546.94,4534.775,4538.955,4583.473499999994,4570.760023365639
1777950000,4538.875,4542.82,4532.465,4534.64,4581.6325999999935,4569.343551861105
1777953600,4534.635,4536.71,4528.03,4533.67,4579.907399999994,4567.9445890430225
1777957200,4533.625,4552,4531.47,4545.945,4578.405899999993,4567.081860060943
1777960800,4545.95,4552.02,4533.9,4548.34,4576.988399999993,4566.346885156592
1777964400,4548.365,4558.465,4543.42,4545.825,4575.370199999994,4565.54210534653
1777968000,4545.815,4559.57,4545.69,4558.375,4574.352399999993,4565.261042391764
1777971600,4558.36,4560.445,4550.985,4556.515,4573.379099999994,4564.918060337185
1777975200,4556.53,4557.155,4540.13,4543.77,4572.355999999993,4564.088724637688
1777978800,4543.755,4564.87,4539.96,4562.99,4572.050799999994,4564.045637396995
1777982400,4562.985,4574.595,4554.195,4564.41,4571.9544999999935,4564.059926126524
1777986000,4564.42,4585.205,4564.42,4579.47,4572.2831999999935,4564.664242749013
1777989600,4579.57,4586.605,4565.985,4582.39,4572.589899999994,4565.359370484346
1777993200,4582.44,4583.85,4568.43,4568.685,4572.386299999993,4565.489787328097
1777996800,4568.655,4569.125,4553.77,4561.295,4571.783499999993,4565.32528586425
1778000400,4561.28,4562.79,4553.355,4559.94,4570.466899999994,4565.114098183299
1778004000,4559.975,4565.83,4557.55,4560.965,4569.039999999993,4564.9513884506205
1778007600,4561.095,4561.47,4551.625,4555.26,4567.280199999993,4564.571334001576
1778011200,4555.14,4560.18,4554.23,4557.535,4565.654699999993,4564.295399334848
1778018400,4552.07,4577.46,4546.36,4573.51,4564.535099999993,4564.656756223678
1778022000,4573.42,4596,4569.565,4593.87,4563.9247999999925,4565.8023736266705
1778025600,4593.735,4619.97,4588.33,4618.8,4564.082399999992,4567.880711915821
1778029200,4618.645,4628.915,4609.63,4626.225,4564.330199999993,4570.16872321324
1778032800,4626.2,4642.195,4625.555,4640.95,4564.769199999992,4572.944459557819
1778036400,4640.925,4652.13,4638.67,4643.65,4565.362899999993,4575.717225849669
1778040000,4643.645,4653.585,4643.455,4648.815,4566.075799999992,4578.583805228113
1778043600,4648.82,4663.95,4644.765,4663.22,4567.075099999993,4581.902871689756
1778047200,4663.21,4669.97,4657.07,4669.455,4568.342899999992,4585.336288486235
1778050800,4669.46,4681.905,4657.47,4681.36,4569.663799999992,4589.101924231873
1778054400,4681.325,4702.965,4671.655,4700.58,4571.551299999992,4593.473613477682
1778058000,4700.63,4708.7,4689.08,4701.725,4573.607399999992,4597.718765890322
1778061600,4701.73,4723.14,4695.705,4718.005,4576.188099999992,4602.435873110309
1778065200,4717.98,4721.32,4690.98,4691.99,4578.442799999992,4605.947799655003
1778068800,4691.995,4693.1,4660.435,4683.29,4580.563199999991,4608.9808271195125
1778072400,4683.325,4707.82,4669.02,4702.13,4583.092999999992,4612.633735859924
1778076000,4702.13,4717.625,4697.71,4703.205,4585.905599999992,4616.185550139927
1778079600,4703.17,4705.915,4687.79,4687.79,4588.451099999992,4618.993567781498
1778083200,4687.75,4692.19,4679.705,4683.21,4590.745499999992,4621.511859241047
1778086800,4683.205,4688.14,4679.145,4684.27,4593.148099999992,4623.9729628002215
1778090400,4684.275,4690.62,4682.125,4686.13,4595.638199999992,4626.410493670801
1778094000,4686.14,4700.235,4686.14,4692.48,4599.051199999992,4629.001454703319
1778097600,4692.455,4699.63,4685.26,4690.91,4602.655499999993,4631.429240793384
1778104800,4690.165,4699.935,4690.165,4695.05,4606.1068999999925,4633.924172526978
1778108400,4694.99,4699.59,4690.355,4699.055,4609.759999999992,4636.478322623959
1778112000,4698.995,4701.545,4685.655,4688.855,4613.179299999992,4638.532309972039
1778115600,4688.86,4721.53,4685.275,4714.925,4616.995499999992,4641.528101737841
1778119200,4714.93,4718.745,4700.165,4707.385,4620.795299999992,4644.1107251991025
1778122800,4707.295,4709.845,4699.12,4699.38,4624.399799999992,4646.278147740314
1778126400,4699.425,4701.11,4692.505,4696.48,4627.734299999992,4648.246847828929
1778130000,4696.43,4706.81,4694.91,4701.315,4630.939799999992,4650.327951835638
1778133600,4701.32,4750.01,4701.29,4739.355,4634.947799999992,4653.819208626397
1778137200,4739.37,4750.66,4731.53,4743.28,4639.120599999992,4657.327474954774
1778140800,4743.265,4753.435,4730.875,4731.08,4643.068799999992,4660.2197308389
1778144400,4731.11,4739.515,4721.84,4729.255,4646.7349999999915,4662.926996296198
1778148000,4729.255,4739.84,4726.77,4735.795,4650.4840999999915,4665.784565068896
1778151600,4735.93,4743.805,4727.305,4742.845,4654.424499999991,4668.806542909331
1778155200,4742.965,4752.69,4733.185,4750.195,4658.260899999991,4671.998247108965
1778158800,4750.235,4758.165,4731.38,4746.495,4662.060499999991,4674.91968839881
1778162400,4746.245,4763.58,4741.28,4762.885,4666.4427999999925,4678.369308461602
1778166000,4762.895,4764.905,4726.43,4729.305,4669.769099999992,4680.366786561147
1778169600,4729.31,4729.87,4704.575,4715.24,4672.785699999992,4681.734363558749
1778173200,4715.235,4719.685,4687.92,4711.44,4675.425099999992,4682.899290478013
1778176800,4711.445,4716.09,4695.535,4709.64,4677.970099999992,4683.947945753385
1778180400,4709.62,4712.93,4697.98,4703.045,4680.657299999992,4684.696849841488
1778184000,4703.055,4719.195,4686.28,4687.18,4683.174999999992,4684.794228279076
1778191200,4694.565,4699.605,4682.045,4686.095,4685.698099999991,4684.8452389347985
1778194800,4686.115,4705.74,4684.845,4704.405,4688.566899999992,4685.612288388335
1778198400,4704.385,4709.615,4694.125,4701.38,4691.489299999992,4686.230630020165
1778202000,4701.3,4725.71,4700.45,4722.97,4694.797999999992,4687.671389627218
1778205600,4723.145,4732.885,4706.995,4713.57,4697.5991999999915,4688.687021406542
1778209200,4713.565,4731.185,4711.405,4719.735,4700.116499999992,4689.904589194521
1778212800,4719.72,4723.315,4709.31,4711.13,4701.963099999992,4690.736958245716
1778216400,4711.22,4731.39,4709.675,4727.62,4703.990999999992,4692.183352040001
1778220000,4727.605,4734.895,4712.665,4725.94,4705.690799999991,4693.50714215608
1778223600,4725.855,4726.725,4697.045,4707.925,4706.976299999991,4694.072548346037
1778227200,4707.965,4723.84,4706.72,4715.76,4708.315199999991,4694.9230366461925
1778230800,4715.755,4723.13,4707.605,4712.015,4709.291099999991,4695.593309718891
1778234400,4711.915,4727.85,4711.24,4719.82,4710.2983999999915,4696.543376004424
1778238000,4719.8,4727.495,4713.91,4717.9,4711.029199999991,4697.380890670917
1778241600,4717.87,4732.125,4702.88,4724.485,4711.507299999991,4698.443796919117
1778245200,4724.395,4748.015,4716.51,4747.85,4712.429799999991,4700.381295079152
1778248800,4747.84,4749.58,4713.495,4716.01,4712.389899999991,4700.994185468205
1778252400,4716.02,4721.065,4702.055,4707.22,4712.6944999999905,4701.2383350576865
1778256000,4707.23,4720.28,4705.55,4712.525,4713.279199999991,4701.68094936915
1778259600,4712.505,4722.765,4712.225,4720.96,4713.65579999999,4702.43699057036
1778263200,4721.025,4729.025,4720.01,4722,4714.031699999991,4703.204167410738
1778266800,4721.995,4726.915,4721.06,4724.09,4714.757699999991,4704.02321966914
1778270400,4724.19,4724.43,4714.745,4715.715,4715.407799999992,4704.4817208585855
1778450400,4687.43,4696.435,4680.075,4691.76,4715.557599999991,4703.982829844524
1778454000,4691.75,4698.65,4688.805,4691.89,4715.672799999991,4703.5086012231695
1778457600,4691.84,4693.375,4670.505,4683.44,4715.491999999991,4702.721597253633
1778461200,4683.415,4705.56,4674.635,4685.97,4715.393199999991,4702.064671871138
1778464800,4685.975,4700.425,4676.905,4681.985,4715.131899999991,4701.277233758544
1778468400,4681.96,4690.715,4675.45,4678.75,4714.725799999991,4700.393812826836
1778472000,4678.775,4680.11,4668.55,4672.16,4714.391899999991,4699.286604480686
1778475600,4672.1,4680.97,4648.09,4652.53,4713.143999999991,4697.45301214811
1778479200,4652.62,4680.645,4649.505,4678.565,4712.567599999992,4696.7123057893605
1778482800,4678.555,4680.385,4664.33,4667.86,4711.937199999991,4695.580842817229
1778486400,4667.79,4678.995,4664.46,4667.895,4711.365499999992,4694.495123491063
1778490000,4667.84,4670.275,4650.795,4656.895,4710.477099999992,4693.020608844355
1778493600,4656.9,4667.69,4656.49,4664.14,4708.972799999991,4691.888035948497
1778497200,4664.15,4677.425,4664.15,4674.625,4707.599699999992,4691.211054146595
1778500800,4674.56,4701.245,4667.535,4700.035,4706.978799999992,4691.557091238886
1778504400,4700.055,4748.95,4698.82,4736.135,4707.116399999992,4693.305244523635
1778508000,4736.125,4738.465,4715.205,4725.625,4706.912999999991,4694.572685914865
1778511600,4725.61,4738.195,4722.9,4732.36,4706.703299999991,4696.054541369184
1778515200,4732.375,4733.735,4708.005,4716.485,4706.029099999992,4696.855735825295
1778518800,4716.415,4724.835,4715.92,4723.895,4705.577099999991,4697.916099126263
1778522400,4724.035,4729.47,4721.11,4725.085,4704.821099999992,4698.981546219351
1778526000,4725.13,4736.21,4722.495,4733.655,4704.9080999999915,4700.341289504867
1778529600,4733.755,4738.59,4729.985,4735.455,4705.312399999992,4701.718297759578
1778536800,4740.565,4755.745,4737.79,4751.09,4706.105399999991,4703.654442945476
1778540400,4751.48,4769.795,4746.35,4767.67,4707.265999999991,4706.164856947615
1778544000,4767.675,4773.575,4748.89,4749.56,4708.1962999999905,4707.866627263395
1778547600,4749.51,4755.805,4720.53,4727.4,4709.0006999999905,4708.6326418805165
1778551200,4727.325,4734.105,4722.425,4730.02,4709.87919999999,4709.471361806771
1778554800,4730.05,4733.41,4718.25,4720.33,4710.197699999991,4709.897190755525
1778558400,4720.28,4730.48,4710.975,4714.255,4710.455199999991,4710.068085235701
1778562000,4714.215,4722.32,4709,4714.595,4710.287699999991,4710.245611304889
1778565600,4714.53,4714.735,4694.51,4697.09,4709.958099999991,4709.729704979208
1778569200,4697.1,4703.97,4686.395,4699.985,4709.563099999991,4709.347559685905
1778572800,4699.995,4706.99,4697.195,4703.415,4709.408799999991,4709.114910286458
1778576400,4703.36,4705.155,4694.325,4699.455,4708.845499999991,4708.736090275224
1778580000,4699.475,4708.715,4685.28,4694.47,4708.2160999999915,4708.176635754628
1778583600,4694.615,4709.475,4687.26,4706.49,4708.187399999992,4708.110493176015
1778587200,4706.58,4711.68,4689.84,4705.74,4707.986999999991,4708.017532659308
1778590800,4705.73,4709.025,4676.88,4679.225,4707.3311999999905,4706.888413731492
1778594400,4679.365,4695.235,4669.555,4673,4706.394799999991,4705.559456330257
1778598000,4672.99,4676.235,4638.365,4666.285,4705.362499999991,4704.019281572208
1778601600,4666.29,4675.19,4664.265,4671.375,4704.300299999991,4702.739113667415
1778605200,4671.38,4682.42,4671.38,4678.84,4702.920099999991,4701.801893523595
1778608800,4678.825,4698.14,4676.235,4695.94,4702.5186999999905,4701.572015346199
1778612400,4695.96,4715.705,4695.96,4715.595,4702.686199999991,4702.121936313015
1778616000,4715.545,4719.365,4712.155,4715.495,4702.745599999991,4702.646370183093
1778623200,4719.905,4722.445,4711.74,4716.965,4702.6656999999905,4703.2078850778735
1778626800,4716.955,4723.915,4715.24,4717.175,4702.569199999991,4703.75561507482
1778630400,4717.28,4727.03,4713.925,4714.955,4702.3864999999905,4704.194806640513
1778634000,4715.015,4717.405,4701.205,4702.615,4702.124499999992,4704.132853438924
1778637600,4702.575,4707.73,4687.705,4692.01,4702.129499999992,4703.657447421711
1778641200,4692,4705.795,4689.025,4696.1,4702.213699999991,4703.361076934585
1778644800,4696.165,4703.45,4695.48,4699.57,4702.536299999992,4703.212407250876
1778648400,4699.52,4707.385,4693.73,4704.32,4702.903299999992,4703.255842260645
1778652000,4704.32,4715.385,4698.955,4701.735,4703.298299999991,4703.196201387679
1778655600,4701.755,4708.755,4696.8,4702.78,4703.778899999992,4703.1798797646325
1778659200,4702.785,4704.34,4694.665,4700.605,4704.347799999991,4703.078904087588
1778662800,4700.615,4702.09,4685.905,4700.85,4705.314199999992,4702.991496084153
1778666400,4700.87,4710.585,4693.77,4694.19,4705.626699999992,4702.646339374971
1778670000,4694.215,4705.7,4691.775,4697.485,4706.219199999992,4702.443933909286
1778673600,4697.43,4701.62,4676.135,4683.84,4706.538099999992,4701.714367873627
1778677200,4683.715,4694.825,4669.525,4679.415,4706.988499999991,4700.839882858975
1778680800,4679.405,4691.12,4672.885,4679.75,4707.300699999992,4700.012828629211
1778684400,4679.825,4700.025,4678.92,4695.715,4707.722499999992,4699.844286330026
1778688000,4695.65,4709.9,4695.13,4695.865,4707.639099999991,4699.688235885711
1778691600,4695.885,4701.28,4684.555,4685.6,4706.6283999999905,4699.135756047056
1778695200,4685.635,4694.175,4677.63,4685.11,4705.818099999991,4698.585726398152
1778698800,4685.14,4690.705,4683.525,4688.38,4704.938499999991,4698.185501833518
1778702400,4688.465,4693.475,4686.075,4689.14,4704.391599999991,4697.830776271419
1778709600,4693.605,4700.57,4689.06,4700.035,4703.9143999999915,4697.917216417638
1778713200,4699.98,4702.125,4693.38,4696.62,4703.345099999991,4697.866345185574
1778716800,4696.5,4706.795,4689.78,4705.065,4702.773299999992,4698.148645374375
1778720400,4705.015,4707.15,4683.455,4688.95,4701.843199999991,4697.787914183223
1778724000,4689,4699.775,4680.21,4686.48,4700.550999999991,4697.344466568195
1778727600,4686.475,4693.45,4673.965,4675.285,4698.703299999991,4696.4793894478735
1778731200,4675.3,4712.685,4668.71,4702.355,4697.759199999991,4696.709805547956
1778734800,4702.54,4704.235,4689.21,4689.955,4697.010299999992,4696.444911212742
1778738400,4689.94,4702.505,4686.31,4700.515,4696.420199999992,4696.604522537733
1778742000,4700.43,4718.88,4690.945,4693.35,4695.880599999992,4696.4768942029195
1778745600,4693.365,4706.83,4692.205,4693.485,4695.4651999999915,4696.359565018492
1778749200,4693.55,4702.755,4688.645,4699.73,4695.167899999991,4696.491738939335
1778752800,4699.74,4705.63,4691.27,4697.09,4695.167899999991,4696.515200157401
1778756400,4697.16,4704.895,4689.51,4694.205,4695.052299999992,4696.424604072797
1778760000,4694.175,4710.165,4692.42,4704.95,4695.082999999991,4696.758933324844
1778763600,4704.945,4707.935,4666.78,4679.775,4694.689399999992,4696.09289672387
1778767200,4679.835,4700.98,4677.815,4679.53,4694.3905999999915,4695.443371362149
1778770800,4679.62,4689.625,4677.195,4685.765,4693.976099999992,4695.063827387163
1778774400,4685.815,4687.055,4670.51,4678.66,4693.434499999992,4694.420540038646
1778778000,4678.675,4683.115,4676.49,4678.33,4693.416599999991,4693.789538468503
1778781600,4678.34,4678.41,4667.165,4671.8,4693.392599999992,4692.927203626601
1778785200,4671.89,4672.02,4653.26,4654.37,4693.154299999992,4691.415156425558
1778788800,4654.385,4657.18,4644.31,4652.27,4692.772199999991,4689.880052252007
1778796000,4654.08,4662.77,4652.145,4662.515,4692.445699999992,4688.806912948006
1778799600,4662.5,4665.445,4646.85,4652.15,4691.569899999991,4687.369386950046
1778803200,4652.22,4658.225,4613.745,4630.465,4689.867299999992,4685.13784236377
1778806800,4630.475,4631.69,4607.51,4614.23,4687.8419999999915,4682.35714266323
1778810400,4614.265,4623.42,4609.45,4617.945,4685.861599999992,4679.8311762842795
1778814000,4617.885,4622.33,4607.68,4615.605,4683.830199999991,4677.3125027045035
1778817600,4615.61,4621.91,4604.45,4606.19,4681.654899999991,4674.523384951386
1778821200,4606.3,4606.58,4556.71,4559.04,4678.783399999991,4669.994624757214
1778824800,4559.02,4580.645,4556.52,4570.22,4676.347599999991,4666.081894374578
1778828400,4570.205,4588.88,4566.07,4570.975,4673.845099999991,4662.352212242242
1778832000,4570.985,4572.245,4550.055,4554.62,4670.946099999992,4658.127419605291
1778835600,4554.605,4564.035,4531.995,4546.095,4667.781599999992,4653.733991385476
1778839200,4546.115,4572.775,4544.3,4566.135,4665.069599999992,4650.29873682134
1778842800,4566.12,4570.37,4550.005,4552.18,4662.057599999993,4646.450943220503
1778846400,4552.19,4558.815,4543.83,4545.96,4658.964699999992,4642.510121917739
1778850000,4545.965,4557.66,4510.985,4533.685,4655.621399999992,4638.242470077827
1778853600,4533.645,4566.735,4525.465,4562.85,4652.994599999992,4635.285902623795
1778857200,4562.865,4563.78,4533.86,4539.95,4649.843899999992,4631.547239775803
1778860800,4539.995,4548.255,4529.555,4544.4,4647.055099999992,4628.129700961065
1778864400,4544.23,4564.605,4543.105,4559.65,4644.659799999991,4625.444222492004
1778868000,4559.685,4563.115,4552.415,4559.25,4642.249799999991,4622.848370629573
1778871600,4559.255,4560.18,4545.1,4546.005,4639.255599999992,4619.834905114688
1778875200,4546.01,4546.47,4533.34,4540.645,4636.151199999992,4616.729418639602
1779055200,4545.805,4554.915,4538.175,4546.05,4633.360199999992,4613.957676732167
1779058800,4546.06,4548.035,4532.25,4537.21,4630.402199999992,4610.94796391914
1779062400,4537.215,4542.635,4480.41,4514.795,4626.930499999992,4607.177259451723
1779066000,4514.795,4535.715,4489.535,4525.67,4623.661099999992,4603.980896335969
1779069600,4525.61,4542.9,4522.355,4533.815,4620.336699999993,4601.229292558088
1779073200,4533.785,4548.06,4525.565,4541.215,4617.228599999992,4598.875790889143
1779076800,4541.21,4549.93,4530.235,4540.825,4613.943799999992,4596.5992892856475
1779080400,4540.775,4552.045,4530.205,4531.245,4610.789699999992,4594.036375980328
1779084000,4531.19,4548.235,4530.005,4546.855,4607.997199999992,4592.186125941884
1779087600,4546.875,4560.095,4538.465,4546.295,4605.417399999992,4590.386473944163
1779091200,4546.285,4557.135,4542.44,4549.97,4602.369699999992,4588.801514181647
1779094800,4549.96,4552.125,4540.38,4543.205,4599.4346999999925,4587.013415586288
1779098400,4543.165,4547.955,4532.145,4540.495,4596.234299999993,4585.189163994669
1779102000,4540.49,4567.17,4529.96,4550.925,4593.385799999993,4583.845471288995
1779105600,4550.965,4575.065,4545.36,4571.425,4590.9445999999925,4583.358393983544
1779109200,4571.43,4584.375,4561.975,4575.75,4588.464999999993,4583.060025592033
1779112800,4575.63,4575.63,4537.81,4546.53,4585.453799999992,4581.6274755688155
1779116400,4546.555,4548.02,4531.85,4543.71,4582.443899999992,4580.140515742587
1779120000,4543.715,4554.69,4533.915,4550.21,4579.349099999992,4578.966770027191
1779123600,4550.04,4558.29,4547.92,4554.515,4576.851299999992,4578.0188574771055